-- Categories
SET IDENTITY_INSERT [dbo].[Categories] ON
INSERT INTO [dbo].[Categories] ([CategoryId], [CategoryName], [Description]) VALUES (1, N'Beverages', N'Soft drinks, coffees, teas, beers, and ales')
INSERT INTO [dbo].[Categories] ([CategoryId], [CategoryName], [Description]) VALUES (2, N'Condiments', N'Sweet and savory sauces, relishes, spreads, and seasonings')
INSERT INTO [dbo].[Categories] ([CategoryId], [CategoryName], [Description]) VALUES (3, N'Confections', N'Desserts, candies, and sweet breads')
INSERT INTO [dbo].[Categories] ([CategoryId], [CategoryName], [Description]) VALUES (4, N'Dairy Products', N'Cheeses')
INSERT INTO [dbo].[Categories] ([CategoryId], [CategoryName], [Description]) VALUES (5, N'Grains/Cereals', N'Breads, crackers, pasta, and cereal')
INSERT INTO [dbo].[Categories] ([CategoryId], [CategoryName], [Description]) VALUES (6, N'Meat/Poultry', N'Prepared meats')
INSERT INTO [dbo].[Categories] ([CategoryId], [CategoryName], [Description]) VALUES (7, N'Produce', N'Dried fruit and bean curd')
INSERT INTO [dbo].[Categories] ([CategoryId], [CategoryName], [Description]) VALUES (8, N'Seafood', N'Seaweed and fish')
SET IDENTITY_INSERT [dbo].[Categories] OFF

-- Customers
SET IDENTITY_INSERT [dbo].[Customers] ON
INSERT INTO [dbo].[Customers] ([CustomerId], [CompanyName], [Address], [City], [Region], [PostalCode], [Country], [Phone], [Fax], [Email]) VALUES (1, N'Alfreds Futterkiste', N'Obere Str. 57', N'Berlin', NULL, N'12209', N'Germany', N'030-0074321', N'030-0076545', N'gilbert@mail.com')
INSERT INTO [dbo].[Customers] ([CustomerId], [CompanyName], [Address], [City], [Region], [PostalCode], [Country], [Phone], [Fax], [Email]) VALUES (2, N'Ana Trujillo Emparedados y helados', N'Avda. de la Constitución 2222', N'México D.F.', NULL, N'05021', N'Mexico', N'(5) 555-4729', N'(5) 555-3745', N'george@mail.com')
INSERT INTO [dbo].[Customers] ([CustomerId], [CompanyName], [Address], [City], [Region], [PostalCode], [Country], [Phone], [Fax], [Email]) VALUES (3, N'Antonio Moreno Taquería', N'Mataderos  2312', N'México D.F.', NULL, N'05023', N'Mexico', N'(5) 555-3932', NULL, N'tanner@mail.com')
INSERT INTO [dbo].[Customers] ([CustomerId], [CompanyName], [Address], [City], [Region], [PostalCode], [Country], [Phone], [Fax], [Email]) VALUES (4, N'Around the Horn', N'120 Hanover Sq.', N'London', NULL, N'WA1 1DP', N'UK', N'(171) 555-7788', N'(171) 555-6750', N'gloria@mail.com')
INSERT INTO [dbo].[Customers] ([CustomerId], [CompanyName], [Address], [City], [Region], [PostalCode], [Country], [Phone], [Fax], [Email]) VALUES (5, N'Berglunds snabbköp', N'Berguvsvägen  8', N'Luleå', NULL, N'S-958 22', N'Sweden', N'0921-12 34 65', N'0921-12 34 67', N'rochelle@mail.com')
INSERT INTO [dbo].[Customers] ([CustomerId], [CompanyName], [Address], [City], [Region], [PostalCode], [Country], [Phone], [Fax], [Email]) VALUES (6, N'Blauer See Delikatessen', N'Forsterstr. 57', N'Mannheim', NULL, N'68306', N'Germany', N'0621-08460', N'0621-08924', N'ali@mail.com')
INSERT INTO [dbo].[Customers] ([CustomerId], [CompanyName], [Address], [City], [Region], [PostalCode], [Country], [Phone], [Fax], [Email]) VALUES (7, N'Blondesddsl père et fils', N'24, place Kléber', N'Strasbourg', NULL, N'67000', N'France', N'88.60.15.31', N'88.60.15.32', N'dave@mail.com')
INSERT INTO [dbo].[Customers] ([CustomerId], [CompanyName], [Address], [City], [Region], [PostalCode], [Country], [Phone], [Fax], [Email]) VALUES (8, N'Bólido Comidas preparadas', N'C/ Araquil, 67', N'Madrid', NULL, N'28023', N'Spain', N'(91) 555 22 82', N'(91) 555 91 99', N'freeman@mail.com')
INSERT INTO [dbo].[Customers] ([CustomerId], [CompanyName], [Address], [City], [Region], [PostalCode], [Country], [Phone], [Fax], [Email]) VALUES (9, N'Bon app''', N'12, rue des Bouchers', N'Marseille', NULL, N'13008', N'France', N'91.24.45.40', N'91.24.45.41', N'rosemarie@mail.com')
INSERT INTO [dbo].[Customers] ([CustomerId], [CompanyName], [Address], [City], [Region], [PostalCode], [Country], [Phone], [Fax], [Email]) VALUES (10, N'Bottom-Dollar Markets', N'23 Tsawassen Blvd.', N'Tsawassen', N'BC', N'T2F 8M4', N'Canada', N'(604) 555-4729', N'(604) 555-3745', N'oren@mail.com')
INSERT INTO [dbo].[Customers] ([CustomerId], [CompanyName], [Address], [City], [Region], [PostalCode], [Country], [Phone], [Fax], [Email]) VALUES (11, N'B''s Beverages', N'Fauntleroy Circus', N'London', NULL, N'EC2 5NT', N'UK', N'(171) 555-1212', NULL, N'minerva@mail.com')
INSERT INTO [dbo].[Customers] ([CustomerId], [CompanyName], [Address], [City], [Region], [PostalCode], [Country], [Phone], [Fax], [Email]) VALUES (12, N'Cactus Comidas para llevar', N'Cerrito 333', N'Buenos Aires', NULL, N'1010', N'Argentina', N'(1) 135-5555', N'(1) 135-4892', N'teodoro@mail.com')
INSERT INTO [dbo].[Customers] ([CustomerId], [CompanyName], [Address], [City], [Region], [PostalCode], [Country], [Phone], [Fax], [Email]) VALUES (13, N'Centro comercial Moctezuma', N'Sierras de Granada 9993', N'México D.F.', NULL, N'05022', N'Mexico', N'(5) 555-3392', N'(5) 555-7293', N'jermaine@mail.com')
INSERT INTO [dbo].[Customers] ([CustomerId], [CompanyName], [Address], [City], [Region], [PostalCode], [Country], [Phone], [Fax], [Email]) VALUES (14, N'Chop-suey Chinese', N'Hauptstr. 29', N'Bern', NULL, N'3012', N'Switzerland', N'0452-076545', NULL, N'candy@mail.com')
INSERT INTO [dbo].[Customers] ([CustomerId], [CompanyName], [Address], [City], [Region], [PostalCode], [Country], [Phone], [Fax], [Email]) VALUES (15, N'Comércio Mineiro', N'Av. dos Lusíadas, 23', N'Sao Paulo', N'SP', N'05432-043', N'Brazil', N'(11) 555-7647', NULL, N'tricia@mail.com')
INSERT INTO [dbo].[Customers] ([CustomerId], [CompanyName], [Address], [City], [Region], [PostalCode], [Country], [Phone], [Fax], [Email]) VALUES (16, N'Consolidated Holdings', N'Berkeley Gardens 12  Brewery', N'London', NULL, N'WX1 6LT', N'UK', N'(171) 555-2282', N'(171) 555-9199', N'bradley@mail.com')
INSERT INTO [dbo].[Customers] ([CustomerId], [CompanyName], [Address], [City], [Region], [PostalCode], [Country], [Phone], [Fax], [Email]) VALUES (17, N'Drachenblut Delikatessen', N'Walserweg 21', N'Aachen', NULL, N'52066', N'Germany', N'0241-039123', N'0241-059428', N'monty@mail.com')
INSERT INTO [dbo].[Customers] ([CustomerId], [CompanyName], [Address], [City], [Region], [PostalCode], [Country], [Phone], [Fax], [Email]) VALUES (18, N'Du monde entier', N'67, rue des Cinquante Otages', N'Nantes', NULL, N'44000', N'France', N'40.67.88.88', N'40.67.89.89', N'megan@mail.com')
INSERT INTO [dbo].[Customers] ([CustomerId], [CompanyName], [Address], [City], [Region], [PostalCode], [Country], [Phone], [Fax], [Email]) VALUES (19, N'Eastern Connection', N'35 King George', N'London', NULL, N'WX3 6FW', N'UK', N'(171) 555-0297', N'(171) 555-3373', N'weston@mail.com')
INSERT INTO [dbo].[Customers] ([CustomerId], [CompanyName], [Address], [City], [Region], [PostalCode], [Country], [Phone], [Fax], [Email]) VALUES (20, N'Ernst Handel', N'Kirchgasse 6', N'Graz', NULL, N'8010', N'Austria', N'7675-3425', N'7675-3426', N'helene@mail.com')
INSERT INTO [dbo].[Customers] ([CustomerId], [CompanyName], [Address], [City], [Region], [PostalCode], [Country], [Phone], [Fax], [Email]) VALUES (21, N'Familia Arquibaldo', N'Rua Orós, 92', N'Sao Paulo', N'SP', N'05442-030', N'Brazil', N'(11) 555-9857', NULL, N'lavonne@mail.com')
INSERT INTO [dbo].[Customers] ([CustomerId], [CompanyName], [Address], [City], [Region], [PostalCode], [Country], [Phone], [Fax], [Email]) VALUES (22, N'FISSA Fabrica Inter. Salchichas S.A.', N'C/ Moralzarzal, 86', N'Madrid', NULL, N'28034', N'Spain', N'(91) 555 94 44', N'(91) 555 55 93', N'johnnie@mail.com')
INSERT INTO [dbo].[Customers] ([CustomerId], [CompanyName], [Address], [City], [Region], [PostalCode], [Country], [Phone], [Fax], [Email]) VALUES (23, N'Folies gourmandes', N'184, chaussée de Tournai', N'Lille', NULL, N'59000', N'France', N'20.16.10.16', N'20.16.10.17', N'anderson@mail.com')
INSERT INTO [dbo].[Customers] ([CustomerId], [CompanyName], [Address], [City], [Region], [PostalCode], [Country], [Phone], [Fax], [Email]) VALUES (24, N'Folk och fä HB', N'Åkergatan 24', N'Bräcke', NULL, N'S-844 67', N'Sweden', N'0695-34 67 21', NULL, N'luann@mail.com')
INSERT INTO [dbo].[Customers] ([CustomerId], [CompanyName], [Address], [City], [Region], [PostalCode], [Country], [Phone], [Fax], [Email]) VALUES (25, N'Frankenversand', N'Berliner Platz 43', N'München', NULL, N'80805', N'Germany', N'089-0877310', N'089-0877451', N'branden@mail.com')
INSERT INTO [dbo].[Customers] ([CustomerId], [CompanyName], [Address], [City], [Region], [PostalCode], [Country], [Phone], [Fax], [Email]) VALUES (26, N'France restauration', N'54, rue Royale', N'Nantes', NULL, N'44000', N'France', N'40.32.21.21', N'40.32.21.20', N'damien@mail.com')
INSERT INTO [dbo].[Customers] ([CustomerId], [CompanyName], [Address], [City], [Region], [PostalCode], [Country], [Phone], [Fax], [Email]) VALUES (27, N'Franchi S.p.A.', N'Via Monte Bianco 34', N'Torino', NULL, N'10100', N'Italy', N'011-4988260', N'011-4988261', N'merrill@mail.com')
INSERT INTO [dbo].[Customers] ([CustomerId], [CompanyName], [Address], [City], [Region], [PostalCode], [Country], [Phone], [Fax], [Email]) VALUES (28, N'Furia Bacalhau e Frutos do Mar', N'Jardim das rosas n. 32', N'Lisboa', NULL, N'1675', N'Portugal', N'(1) 354-2534', N'(1) 354-2535', N'eliza@mail.com')
INSERT INTO [dbo].[Customers] ([CustomerId], [CompanyName], [Address], [City], [Region], [PostalCode], [Country], [Phone], [Fax], [Email]) VALUES (29, N'Galería del gastrónomo', N'Rambla de Cataluña, 23', N'Barcelona', NULL, N'08022', N'Spain', N'(93) 203 4560', N'(93) 203 4561', N'allison@mail.com')
INSERT INTO [dbo].[Customers] ([CustomerId], [CompanyName], [Address], [City], [Region], [PostalCode], [Country], [Phone], [Fax], [Email]) VALUES (30, N'Godos Cocina Típica', N'C/ Romero, 33', N'Sevilla', NULL, N'41101', N'Spain', N'(95) 555 82 82', NULL, N'madelyn@mail.com')
INSERT INTO [dbo].[Customers] ([CustomerId], [CompanyName], [Address], [City], [Region], [PostalCode], [Country], [Phone], [Fax], [Email]) VALUES (31, N'Gourmet Lanchonetes', N'Av. Brasil, 442', N'Campinas', N'SP', N'04876-786', N'Brazil', N'(11) 555-9482', NULL, N'kerri@mail.com')
INSERT INTO [dbo].[Customers] ([CustomerId], [CompanyName], [Address], [City], [Region], [PostalCode], [Country], [Phone], [Fax], [Email]) VALUES (32, N'Great Lakes Food Market', N'2732 Baker Blvd.', N'Eugene', N'OR', N'97403', N'USA', N'(503) 555-7555', NULL, N'ferdinand@mail.com')
INSERT INTO [dbo].[Customers] ([CustomerId], [CompanyName], [Address], [City], [Region], [PostalCode], [Country], [Phone], [Fax], [Email]) VALUES (33, N'GROSELLA-Restaurante', N'5ª Ave. Los Palos Grandes', N'Caracas', N'DF', N'1081', N'Venezuela', N'(2) 283-2951', N'(2) 283-3397', N'brenda@mail.com')
INSERT INTO [dbo].[Customers] ([CustomerId], [CompanyName], [Address], [City], [Region], [PostalCode], [Country], [Phone], [Fax], [Email]) VALUES (34, N'Hanari Carnes', N'Rua do Paço, 67', N'Rio de Janeiro', N'RJ', N'05454-876', N'Brazil', N'(21) 555-0091', N'(21) 555-8765', N'bruno@mail.com')
INSERT INTO [dbo].[Customers] ([CustomerId], [CompanyName], [Address], [City], [Region], [PostalCode], [Country], [Phone], [Fax], [Email]) VALUES (35, N'HILARION-Abastos', N'Carrera 22 con Ave. Carlos Soublette #8-35', N'San Cristóbal', N'Táchira', N'5022', N'Venezuela', N'(5) 555-1340', N'(5) 555-1948', N'stacie@mail.com')
INSERT INTO [dbo].[Customers] ([CustomerId], [CompanyName], [Address], [City], [Region], [PostalCode], [Country], [Phone], [Fax], [Email]) VALUES (36, N'Hungry Coyote Import Store', N'City Center Plaza 516 Main St.', N'Elgin', N'OR', N'97827', N'USA', N'(503) 555-6874', N'(503) 555-2376', N'kermit@mail.com')
INSERT INTO [dbo].[Customers] ([CustomerId], [CompanyName], [Address], [City], [Region], [PostalCode], [Country], [Phone], [Fax], [Email]) VALUES (37, N'Hungry Owl All-Night Grocers', N'8 Johnstown Road', N'Cork', N'Co. Cork', NULL, N'Ireland', N'2967 542', N'2967 3333', N'roy@mail.com')
INSERT INTO [dbo].[Customers] ([CustomerId], [CompanyName], [Address], [City], [Region], [PostalCode], [Country], [Phone], [Fax], [Email]) VALUES (38, N'Island Trading', N'Garden House Crowther Way', N'Cowes', N'Isle of Wight', N'PO31 7PJ', N'UK', N'(198) 555-8888', NULL, N'eliseo@mail.com')
INSERT INTO [dbo].[Customers] ([CustomerId], [CompanyName], [Address], [City], [Region], [PostalCode], [Country], [Phone], [Fax], [Email]) VALUES (39, N'Königlich Essen', N'Maubelstr. 90', N'Brandenburg', NULL, N'14776', N'Germany', N'0555-09876', NULL, N'magdalena@mail.com')
INSERT INTO [dbo].[Customers] ([CustomerId], [CompanyName], [Address], [City], [Region], [PostalCode], [Country], [Phone], [Fax], [Email]) VALUES (40, N'La corne d''abondance', N'67, avenue de l''Europe', N'Versailles', NULL, N'78000', N'France', N'30.59.84.10', N'30.59.85.11', N'catalina@mail.com')
INSERT INTO [dbo].[Customers] ([CustomerId], [CompanyName], [Address], [City], [Region], [PostalCode], [Country], [Phone], [Fax], [Email]) VALUES (41, N'La maison d''Asie', N'1 rue Alsace-Lorraine', N'Toulouse', NULL, N'31000', N'France', N'61.77.61.10', N'61.77.61.11', N'adele@mail.com')
INSERT INTO [dbo].[Customers] ([CustomerId], [CompanyName], [Address], [City], [Region], [PostalCode], [Country], [Phone], [Fax], [Email]) VALUES (42, N'Laughing Bacchus Wine Cellars', N'1900 Oak St.', N'Vancouver', N'BC', N'V3F 2K1', N'Canada', N'(604) 555-3392', N'(604) 555-7293', N'gus@mail.com')
INSERT INTO [dbo].[Customers] ([CustomerId], [CompanyName], [Address], [City], [Region], [PostalCode], [Country], [Phone], [Fax], [Email]) VALUES (43, N'Lazy K Kountry Store', N'12 Orchestra Terrace', N'Walla Walla', N'WA', N'99362', N'USA', N'(509) 555-7969', N'(509) 555-6221', N'hosea@mail.com')
INSERT INTO [dbo].[Customers] ([CustomerId], [CompanyName], [Address], [City], [Region], [PostalCode], [Country], [Phone], [Fax], [Email]) VALUES (44, N'Lehmanns Marktstand', N'Magazinweg 7', N'Frankfurt a.M.', NULL, N'60528', N'Germany', N'069-0245984', N'069-0245874', N'ingrid@mail.com')
INSERT INTO [dbo].[Customers] ([CustomerId], [CompanyName], [Address], [City], [Region], [PostalCode], [Country], [Phone], [Fax], [Email]) VALUES (45, N'Let''s Stop N Shop', N'87 Polk St. Suite 5', N'San Francisco', N'CA', N'94117', N'USA', N'(415) 555-5938', NULL, N'marcellus@mail.com')
INSERT INTO [dbo].[Customers] ([CustomerId], [CompanyName], [Address], [City], [Region], [PostalCode], [Country], [Phone], [Fax], [Email]) VALUES (46, N'LILA-Supermercado', N'Carrera 52 con Ave. Bolívar #65-98 Llano Largo', N'Barquisimeto', N'Lara', N'3508', N'Venezuela', N'(9) 331-6954', N'(9) 331-7256', N'dillon@mail.com')
INSERT INTO [dbo].[Customers] ([CustomerId], [CompanyName], [Address], [City], [Region], [PostalCode], [Country], [Phone], [Fax], [Email]) VALUES (47, N'LINO-Delicateses', N'Ave. 5 de Mayo Porlamar', N'I. de Margarita', N'Nueva Esparta', N'4980', N'Venezuela', N'(8) 34-56-12', N'(8) 34-93-93', N'herb@mail.com')
INSERT INTO [dbo].[Customers] ([CustomerId], [CompanyName], [Address], [City], [Region], [PostalCode], [Country], [Phone], [Fax], [Email]) VALUES (48, N'Lonesome Pine Restaurant', N'89 Chiaroscuro Rd.', N'Portland', N'OR', N'97219', N'USA', N'(503) 555-9573', N'(503) 555-9646', N'yong@mail.com')
INSERT INTO [dbo].[Customers] ([CustomerId], [CompanyName], [Address], [City], [Region], [PostalCode], [Country], [Phone], [Fax], [Email]) VALUES (49, N'Magazzini Alimentari Riuniti', N'Via Ludovico il Moro 22', N'Bergamo', NULL, N'24100', N'Italy', N'035-640230', N'035-640231', N'louella@mail.com')
INSERT INTO [dbo].[Customers] ([CustomerId], [CompanyName], [Address], [City], [Region], [PostalCode], [Country], [Phone], [Fax], [Email]) VALUES (50, N'Maison Dewey', N'Rue Joseph-Bens 532', N'Bruxelles', NULL, N'B-1180', N'Belgium', N'(02) 201 24 67', N'(02) 201 24 68', N'dick@mail.com')
INSERT INTO [dbo].[Customers] ([CustomerId], [CompanyName], [Address], [City], [Region], [PostalCode], [Country], [Phone], [Fax], [Email]) VALUES (51, N'Mère Paillarde', N'43 rue St. Laurent', N'Montréal', N'Québec', N'H1J 1C3', N'Canada', N'(514) 555-8054', N'(514) 555-8055', N'marjorie@mail.com')
INSERT INTO [dbo].[Customers] ([CustomerId], [CompanyName], [Address], [City], [Region], [PostalCode], [Country], [Phone], [Fax], [Email]) VALUES (52, N'Morgenstern Gesundkost', N'Heerstr. 22', N'Leipzig', NULL, N'04179', N'Germany', N'0342-023176', NULL, N'wendell@mail.com')
INSERT INTO [dbo].[Customers] ([CustomerId], [CompanyName], [Address], [City], [Region], [PostalCode], [Country], [Phone], [Fax], [Email]) VALUES (53, N'North/South', N'South House 300 Queensbridge', N'London', NULL, N'SW7 1RZ', N'UK', N'(171) 555-7733', N'(171) 555-2530', N'elise@mail.com')
INSERT INTO [dbo].[Customers] ([CustomerId], [CompanyName], [Address], [City], [Region], [PostalCode], [Country], [Phone], [Fax], [Email]) VALUES (54, N'Océano Atlántico Ltda.', N'Ing. Gustavo Moncada 8585 Piso 20-A', N'Buenos Aires', NULL, N'1010', N'Argentina', N'(1) 135-5333', N'(1) 135-5535', N'dorsey@mail.com')
INSERT INTO [dbo].[Customers] ([CustomerId], [CompanyName], [Address], [City], [Region], [PostalCode], [Country], [Phone], [Fax], [Email]) VALUES (55, N'Old World Delicatessen', N'2743 Bering St.', N'Anchorage', N'AK', N'99508', N'USA', N'(907) 555-7584', N'(907) 555-2880', N'derick@mail.com')
INSERT INTO [dbo].[Customers] ([CustomerId], [CompanyName], [Address], [City], [Region], [PostalCode], [Country], [Phone], [Fax], [Email]) VALUES (56, N'Ottilies Käseladen', N'Mehrheimerstr. 369', N'Köln', NULL, N'50739', N'Germany', N'0221-0644327', N'0221-0765721', N'josef@mail.com')
INSERT INTO [dbo].[Customers] ([CustomerId], [CompanyName], [Address], [City], [Region], [PostalCode], [Country], [Phone], [Fax], [Email]) VALUES (57, N'Paris spécialités', N'265, boulevard Charonne', N'Paris', NULL, N'75012', N'France', N'(1) 42.34.22.66', N'(1) 42.34.22.77', N'callie@mail.com')
INSERT INTO [dbo].[Customers] ([CustomerId], [CompanyName], [Address], [City], [Region], [PostalCode], [Country], [Phone], [Fax], [Email]) VALUES (58, N'Pericles Comidas clásicas', N'Calle Dr. Jorge Cash 321', N'México D.F.', NULL, N'05033', N'Mexico', N'(5) 552-3745', N'(5) 545-3745', N'robbie@mail.com')
INSERT INTO [dbo].[Customers] ([CustomerId], [CompanyName], [Address], [City], [Region], [PostalCode], [Country], [Phone], [Fax], [Email]) VALUES (59, N'Piccolo und mehr', N'Geislweg 14', N'Salzburg', NULL, N'5020', N'Austria', N'6562-9722', N'6562-9723', N'jeannie@mail.com')
INSERT INTO [dbo].[Customers] ([CustomerId], [CompanyName], [Address], [City], [Region], [PostalCode], [Country], [Phone], [Fax], [Email]) VALUES (60, N'Princesa Isabel Vinhos', N'Estrada da saúde n. 58', N'Lisboa', NULL, N'1756', N'Portugal', N'(1) 356-5634', NULL, N'alva@mail.com')
INSERT INTO [dbo].[Customers] ([CustomerId], [CompanyName], [Address], [City], [Region], [PostalCode], [Country], [Phone], [Fax], [Email]) VALUES (61, N'Que Delícia', N'Rua da Panificadora, 12', N'Rio de Janeiro', N'RJ', N'02389-673', N'Brazil', N'(21) 555-4252', N'(21) 555-4545', N'dino@mail.com')
INSERT INTO [dbo].[Customers] ([CustomerId], [CompanyName], [Address], [City], [Region], [PostalCode], [Country], [Phone], [Fax], [Email]) VALUES (62, N'Queen Cozinha', N'Alameda dos Canàrios, 891', N'Sao Paulo', N'SP', N'05487-020', N'Brazil', N'(11) 555-1189', NULL, N'helga@mail.com')
INSERT INTO [dbo].[Customers] ([CustomerId], [CompanyName], [Address], [City], [Region], [PostalCode], [Country], [Phone], [Fax], [Email]) VALUES (63, N'QUICK-Stop', N'Taucherstraße 10', N'Cunewalde', NULL, N'01307', N'Germany', N'0372-035188', NULL, N'arnoldo@mail.com')
INSERT INTO [dbo].[Customers] ([CustomerId], [CompanyName], [Address], [City], [Region], [PostalCode], [Country], [Phone], [Fax], [Email]) VALUES (64, N'Rancho grande', N'Av. del Libertador 900', N'Buenos Aires', NULL, N'1010', N'Argentina', N'(1) 123-5555', N'(1) 123-5556', N'lonny@mail.com')
INSERT INTO [dbo].[Customers] ([CustomerId], [CompanyName], [Address], [City], [Region], [PostalCode], [Country], [Phone], [Fax], [Email]) VALUES (65, N'Rattlesnake Canyon Grocery', N'2817 Milton Dr.', N'Albuquerque', N'NM', N'87110', N'USA', N'(505) 555-5939', N'(505) 555-3620', N'carolyn@mail.com')
INSERT INTO [dbo].[Customers] ([CustomerId], [CompanyName], [Address], [City], [Region], [PostalCode], [Country], [Phone], [Fax], [Email]) VALUES (66, N'Reggiani Caseifici', N'Strada Provinciale 124', N'Reggio Emilia', NULL, N'42100', N'Italy', N'0522-556721', N'0522-556722', N'cornelia@mail.com')
INSERT INTO [dbo].[Customers] ([CustomerId], [CompanyName], [Address], [City], [Region], [PostalCode], [Country], [Phone], [Fax], [Email]) VALUES (67, N'Ricardo Adocicados', N'Av. Copacabana, 267', N'Rio de Janeiro', N'RJ', N'02389-890', N'Brazil', N'(21) 555-3412', NULL, N'staci@mail.com')
INSERT INTO [dbo].[Customers] ([CustomerId], [CompanyName], [Address], [City], [Region], [PostalCode], [Country], [Phone], [Fax], [Email]) VALUES (68, N'Richter Supermarkt', N'Grenzacherweg 237', N'Genève', NULL, N'1203', N'Switzerland', N'0897-034214', NULL, N'brandon@mail.com')
INSERT INTO [dbo].[Customers] ([CustomerId], [CompanyName], [Address], [City], [Region], [PostalCode], [Country], [Phone], [Fax], [Email]) VALUES (69, N'Romero y tomillo', N'Gran Vía, 1', N'Madrid', NULL, N'28001', N'Spain', N'(91) 745 6200', N'(91) 745 6210', N'christina@mail.com')
INSERT INTO [dbo].[Customers] ([CustomerId], [CompanyName], [Address], [City], [Region], [PostalCode], [Country], [Phone], [Fax], [Email]) VALUES (70, N'Santé Gourmet', N'Erling Skakkes gate 78', N'Stavern', NULL, N'4110', N'Norway', N'07-98 92 35', N'07-98 92 47', N'carlo@mail.com')
INSERT INTO [dbo].[Customers] ([CustomerId], [CompanyName], [Address], [City], [Region], [PostalCode], [Country], [Phone], [Fax], [Email]) VALUES (71, N'Save-a-lot Markets', N'187 Suffolk Ln.', N'Boise', N'ID', N'83720', N'USA', N'(208) 555-8097', NULL, N'willa@mail.com')
INSERT INTO [dbo].[Customers] ([CustomerId], [CompanyName], [Address], [City], [Region], [PostalCode], [Country], [Phone], [Fax], [Email]) VALUES (72, N'Seven Seas Imports', N'90 Wadhurst Rd.', N'London', NULL, N'OX15 4NB', N'UK', N'(171) 555-1717', N'(171) 555-5646', N'aurelia@mail.com')
INSERT INTO [dbo].[Customers] ([CustomerId], [CompanyName], [Address], [City], [Region], [PostalCode], [Country], [Phone], [Fax], [Email]) VALUES (73, N'Simons bistro', N'Vinbæltet 34', N'Kobenhavn', NULL, N'1734', N'Denmark', N'31 12 34 56', N'31 13 35 57', N'carey@mail.com')
INSERT INTO [dbo].[Customers] ([CustomerId], [CompanyName], [Address], [City], [Region], [PostalCode], [Country], [Phone], [Fax], [Email]) VALUES (74, N'Spécialités du monde', N'25, rue Lauriston', N'Paris', NULL, N'75016', N'France', N'(1) 47.55.60.10', N'(1) 47.55.60.20', N'rich@mail.com')
INSERT INTO [dbo].[Customers] ([CustomerId], [CompanyName], [Address], [City], [Region], [PostalCode], [Country], [Phone], [Fax], [Email]) VALUES (75, N'Split Rail Beer & Ale', N'P.O. Box 555', N'Lander', N'WY', N'82520', N'USA', N'(307) 555-4680', N'(307) 555-6525', N'donn@mail.com')
INSERT INTO [dbo].[Customers] ([CustomerId], [CompanyName], [Address], [City], [Region], [PostalCode], [Country], [Phone], [Fax], [Email]) VALUES (76, N'Suprêmes délices', N'Boulevard Tirou, 255', N'Charleroi', NULL, N'B-6000', N'Belgium', N'(071) 23 67 22 20', N'(071) 23 67 22 21', N'lamar@mail.com')
INSERT INTO [dbo].[Customers] ([CustomerId], [CompanyName], [Address], [City], [Region], [PostalCode], [Country], [Phone], [Fax], [Email]) VALUES (77, N'The Big Cheese', N'89 Jefferson Way Suite 2', N'Portland', N'OR', N'97201', N'USA', N'(503) 555-3612', NULL, N'lakeisha@mail.com')
INSERT INTO [dbo].[Customers] ([CustomerId], [CompanyName], [Address], [City], [Region], [PostalCode], [Country], [Phone], [Fax], [Email]) VALUES (78, N'The Cracker Box', N'55 Grizzly Peak Rd.', N'Butte', N'MT', N'59801', N'USA', N'(406) 555-5834', N'(406) 555-8083', N'parker@mail.com')
INSERT INTO [dbo].[Customers] ([CustomerId], [CompanyName], [Address], [City], [Region], [PostalCode], [Country], [Phone], [Fax], [Email]) VALUES (79, N'Toms Spezialitäten', N'Luisenstr. 48', N'Münster', NULL, N'44087', N'Germany', N'0251-031259', N'0251-035695', N'lane@mail.com')
INSERT INTO [dbo].[Customers] ([CustomerId], [CompanyName], [Address], [City], [Region], [PostalCode], [Country], [Phone], [Fax], [Email]) VALUES (80, N'Tortuga Restaurante', N'Avda. Azteca 123', N'México D.F.', NULL, N'05033', N'Mexico', N'(5) 555-2933', NULL, N'terrie@mail.com')
INSERT INTO [dbo].[Customers] ([CustomerId], [CompanyName], [Address], [City], [Region], [PostalCode], [Country], [Phone], [Fax], [Email]) VALUES (81, N'Tradição Hipermercados', N'Av. Inês de Castro, 414', N'Sao Paulo', N'SP', N'05634-030', N'Brazil', N'(11) 555-2167', N'(11) 555-2168', N'douglas@mail.com')
INSERT INTO [dbo].[Customers] ([CustomerId], [CompanyName], [Address], [City], [Region], [PostalCode], [Country], [Phone], [Fax], [Email]) VALUES (82, N'Trail''s Head Gourmet Provisioners', N'722 DaVinci Blvd.', N'Kirkland', N'WA', N'98034', N'USA', N'(206) 555-8257', N'(206) 555-2174', N'lorna@mail.com')
INSERT INTO [dbo].[Customers] ([CustomerId], [CompanyName], [Address], [City], [Region], [PostalCode], [Country], [Phone], [Fax], [Email]) VALUES (83, N'Vaffeljernet', N'Smagsloget 45', N'Århus', NULL, N'8200', N'Denmark', N'86 21 32 43', N'86 22 33 44', N'ethan@mail.com')
INSERT INTO [dbo].[Customers] ([CustomerId], [CompanyName], [Address], [City], [Region], [PostalCode], [Country], [Phone], [Fax], [Email]) VALUES (84, N'Victuailles en stock', N'2, rue du Commerce', N'Lyon', NULL, N'69004', N'France', N'78.32.54.86', N'78.32.54.87', N'erin@mail.com')
INSERT INTO [dbo].[Customers] ([CustomerId], [CompanyName], [Address], [City], [Region], [PostalCode], [Country], [Phone], [Fax], [Email]) VALUES (85, N'Vins et alcools Chevalier', N'59 rue de l''Abbaye', N'Reims', NULL, N'51100', N'France', N'26.47.15.10', N'26.47.15.11', N'shaun@mail.com')
INSERT INTO [dbo].[Customers] ([CustomerId], [CompanyName], [Address], [City], [Region], [PostalCode], [Country], [Phone], [Fax], [Email]) VALUES (86, N'Die Wandernde Kuh', N'Adenauerallee 900', N'Stuttgart', NULL, N'70563', N'Germany', N'0711-020361', N'0711-035428', N'maynard@mail.com')
INSERT INTO [dbo].[Customers] ([CustomerId], [CompanyName], [Address], [City], [Region], [PostalCode], [Country], [Phone], [Fax], [Email]) VALUES (87, N'Wartian Herkku', N'Torikatu 38', N'Oulu', NULL, N'90110', N'Finland', N'981-443655', N'981-443655', N'latonya@mail.com')
INSERT INTO [dbo].[Customers] ([CustomerId], [CompanyName], [Address], [City], [Region], [PostalCode], [Country], [Phone], [Fax], [Email]) VALUES (88, N'Wellington Importadora', N'Rua do Mercado, 12', N'Resende', N'SP', N'08737-363', N'Brazil', N'(14) 555-8122', NULL, N'laurel@mail.com')
INSERT INTO [dbo].[Customers] ([CustomerId], [CompanyName], [Address], [City], [Region], [PostalCode], [Country], [Phone], [Fax], [Email]) VALUES (89, N'White Clover Markets', N'305 - 14th Ave. S. Suite 3B', N'Seattle', N'WA', N'98128', N'USA', N'(206) 555-4112', N'(206) 555-4115', N'tony@mail.com')
INSERT INTO [dbo].[Customers] ([CustomerId], [CompanyName], [Address], [City], [Region], [PostalCode], [Country], [Phone], [Fax], [Email]) VALUES (90, N'Wilman Kala', N'Keskuskatu 45', N'Helsinki', NULL, N'21240', N'Finland', N'90-224 8858', N'90-224 8858', N'jerrod@mail.com')
INSERT INTO [dbo].[Customers] ([CustomerId], [CompanyName], [Address], [City], [Region], [PostalCode], [Country], [Phone], [Fax], [Email]) VALUES (91, N'Wolski Zajazd', N'ul. Filtrowa 68', N'Warszawa', NULL, N'01-012', N'Poland', N'(26) 642-7012', N'(26) 642-7012', N'casey@mail.com')
SET IDENTITY_INSERT [dbo].[Customers] OFF

-- Products
SET IDENTITY_INSERT [dbo].[Products] ON
INSERT INTO [dbo].[Products] ([ProductId], [ProductName], [CategoryId], [QuantityPerUnit], [UnitPrice], [UnitsInStock], [UnitsOnOrder], [ReorderLevel], [Discontinued]) VALUES (1, N'Chai', 1, N'10 boxes x 20 bags', CAST(18.0000 AS Money), 39, 0, 10, 0)
INSERT INTO [dbo].[Products] ([ProductId], [ProductName], [CategoryId], [QuantityPerUnit], [UnitPrice], [UnitsInStock], [UnitsOnOrder], [ReorderLevel], [Discontinued]) VALUES (2, N'Chang', 1, N'24 - 12 oz bottles', CAST(19.0000 AS Money), 17, 40, 25, 0)
INSERT INTO [dbo].[Products] ([ProductId], [ProductName], [CategoryId], [QuantityPerUnit], [UnitPrice], [UnitsInStock], [UnitsOnOrder], [ReorderLevel], [Discontinued]) VALUES (3, N'Aniseed Syrup', 2, N'12 - 550 ml bottles', CAST(10.0000 AS Money), 13, 70, 25, 0)
INSERT INTO [dbo].[Products] ([ProductId], [ProductName], [CategoryId], [QuantityPerUnit], [UnitPrice], [UnitsInStock], [UnitsOnOrder], [ReorderLevel], [Discontinued]) VALUES (4, N'Chef Anton''s Cajun Seasoning', 2, N'48 - 6 oz jars', CAST(22.0000 AS Money), 53, 0, 0, 0)
INSERT INTO [dbo].[Products] ([ProductId], [ProductName], [CategoryId], [QuantityPerUnit], [UnitPrice], [UnitsInStock], [UnitsOnOrder], [ReorderLevel], [Discontinued]) VALUES (5, N'Chef Anton''s Gumbo Mix', 2, N'36 boxes', CAST(21.3500 AS Money), 0, 0, 0, 1)
INSERT INTO [dbo].[Products] ([ProductId], [ProductName], [CategoryId], [QuantityPerUnit], [UnitPrice], [UnitsInStock], [UnitsOnOrder], [ReorderLevel], [Discontinued]) VALUES (6, N'Grandma''s Boysenberry Spread', 2, N'12 - 8 oz jars', CAST(25.0000 AS Money), 120, 0, 25, 0)
INSERT INTO [dbo].[Products] ([ProductId], [ProductName], [CategoryId], [QuantityPerUnit], [UnitPrice], [UnitsInStock], [UnitsOnOrder], [ReorderLevel], [Discontinued]) VALUES (7, N'Uncle Bob''s Organic Dried Pears', 7, N'12 - 1 lb pkgs.', CAST(30.0000 AS Money), 15, 0, 10, 0)
INSERT INTO [dbo].[Products] ([ProductId], [ProductName], [CategoryId], [QuantityPerUnit], [UnitPrice], [UnitsInStock], [UnitsOnOrder], [ReorderLevel], [Discontinued]) VALUES (8, N'Northwoods Cranberry Sauce', 2, N'12 - 12 oz jars', CAST(40.0000 AS Money), 6, 0, 0, 0)
INSERT INTO [dbo].[Products] ([ProductId], [ProductName], [CategoryId], [QuantityPerUnit], [UnitPrice], [UnitsInStock], [UnitsOnOrder], [ReorderLevel], [Discontinued]) VALUES (9, N'Mishi Kobe Niku', 6, N'18 - 500 g pkgs.', CAST(97.0000 AS Money), 29, 0, 0, 1)
INSERT INTO [dbo].[Products] ([ProductId], [ProductName], [CategoryId], [QuantityPerUnit], [UnitPrice], [UnitsInStock], [UnitsOnOrder], [ReorderLevel], [Discontinued]) VALUES (10, N'Ikura', 8, N'12 - 200 ml jars', CAST(31.0000 AS Money), 31, 0, 0, 0)
INSERT INTO [dbo].[Products] ([ProductId], [ProductName], [CategoryId], [QuantityPerUnit], [UnitPrice], [UnitsInStock], [UnitsOnOrder], [ReorderLevel], [Discontinued]) VALUES (11, N'Queso Cabrales', 4, N'1 kg pkg.', CAST(21.0000 AS Money), 22, 30, 30, 0)
INSERT INTO [dbo].[Products] ([ProductId], [ProductName], [CategoryId], [QuantityPerUnit], [UnitPrice], [UnitsInStock], [UnitsOnOrder], [ReorderLevel], [Discontinued]) VALUES (12, N'Queso Manchego La Pastora', 4, N'10 - 500 g pkgs.', CAST(38.0000 AS Money), 86, 0, 0, 0)
INSERT INTO [dbo].[Products] ([ProductId], [ProductName], [CategoryId], [QuantityPerUnit], [UnitPrice], [UnitsInStock], [UnitsOnOrder], [ReorderLevel], [Discontinued]) VALUES (13, N'Konbu', 8, N'2 kg box', CAST(6.0000 AS Money), 24, 0, 5, 0)
INSERT INTO [dbo].[Products] ([ProductId], [ProductName], [CategoryId], [QuantityPerUnit], [UnitPrice], [UnitsInStock], [UnitsOnOrder], [ReorderLevel], [Discontinued]) VALUES (14, N'Tofu', 7, N'40 - 100 g pkgs.', CAST(23.2500 AS Money), 35, 0, 0, 0)
INSERT INTO [dbo].[Products] ([ProductId], [ProductName], [CategoryId], [QuantityPerUnit], [UnitPrice], [UnitsInStock], [UnitsOnOrder], [ReorderLevel], [Discontinued]) VALUES (15, N'Genen Shouyu', 2, N'24 - 250 ml bottles', CAST(15.5000 AS Money), 39, 0, 5, 0)
INSERT INTO [dbo].[Products] ([ProductId], [ProductName], [CategoryId], [QuantityPerUnit], [UnitPrice], [UnitsInStock], [UnitsOnOrder], [ReorderLevel], [Discontinued]) VALUES (16, N'Pavlova', 3, N'32 - 500 g boxes', CAST(17.4500 AS Money), 29, 0, 10, 0)
INSERT INTO [dbo].[Products] ([ProductId], [ProductName], [CategoryId], [QuantityPerUnit], [UnitPrice], [UnitsInStock], [UnitsOnOrder], [ReorderLevel], [Discontinued]) VALUES (17, N'Alice Mutton', 6, N'20 - 1 kg tins', CAST(39.0000 AS Money), 0, 0, 0, 1)
INSERT INTO [dbo].[Products] ([ProductId], [ProductName], [CategoryId], [QuantityPerUnit], [UnitPrice], [UnitsInStock], [UnitsOnOrder], [ReorderLevel], [Discontinued]) VALUES (18, N'Carnarvon Tigers', 8, N'16 kg pkg.', CAST(62.5000 AS Money), 42, 0, 0, 0)
INSERT INTO [dbo].[Products] ([ProductId], [ProductName], [CategoryId], [QuantityPerUnit], [UnitPrice], [UnitsInStock], [UnitsOnOrder], [ReorderLevel], [Discontinued]) VALUES (19, N'Teatime Chocolate Biscuits', 3, N'10 boxes x 12 pieces', CAST(9.2000 AS Money), 25, 0, 5, 0)
INSERT INTO [dbo].[Products] ([ProductId], [ProductName], [CategoryId], [QuantityPerUnit], [UnitPrice], [UnitsInStock], [UnitsOnOrder], [ReorderLevel], [Discontinued]) VALUES (20, N'Sir Rodney''s Marmalade', 3, N'30 gift boxes', CAST(81.0000 AS Money), 40, 0, 0, 0)
INSERT INTO [dbo].[Products] ([ProductId], [ProductName], [CategoryId], [QuantityPerUnit], [UnitPrice], [UnitsInStock], [UnitsOnOrder], [ReorderLevel], [Discontinued]) VALUES (21, N'Sir Rodney''s Scones', 3, N'24 pkgs. x 4 pieces', CAST(10.0000 AS Money), 3, 40, 5, 0)
INSERT INTO [dbo].[Products] ([ProductId], [ProductName], [CategoryId], [QuantityPerUnit], [UnitPrice], [UnitsInStock], [UnitsOnOrder], [ReorderLevel], [Discontinued]) VALUES (22, N'Gustaf''s Knäckebröd', 5, N'24 - 500 g pkgs.', CAST(21.0000 AS Money), 104, 0, 25, 0)
INSERT INTO [dbo].[Products] ([ProductId], [ProductName], [CategoryId], [QuantityPerUnit], [UnitPrice], [UnitsInStock], [UnitsOnOrder], [ReorderLevel], [Discontinued]) VALUES (23, N'Tunnbröd', 5, N'12 - 250 g pkgs.', CAST(9.0000 AS Money), 61, 0, 25, 0)
INSERT INTO [dbo].[Products] ([ProductId], [ProductName], [CategoryId], [QuantityPerUnit], [UnitPrice], [UnitsInStock], [UnitsOnOrder], [ReorderLevel], [Discontinued]) VALUES (24, N'Guaraná Fantástica', 1, N'12 - 355 ml cans', CAST(4.5000 AS Money), 20, 0, 0, 1)
INSERT INTO [dbo].[Products] ([ProductId], [ProductName], [CategoryId], [QuantityPerUnit], [UnitPrice], [UnitsInStock], [UnitsOnOrder], [ReorderLevel], [Discontinued]) VALUES (25, N'NuNuCa Nuß-Nougat-Creme', 3, N'20 - 450 g glasses', CAST(14.0000 AS Money), 76, 0, 30, 0)
INSERT INTO [dbo].[Products] ([ProductId], [ProductName], [CategoryId], [QuantityPerUnit], [UnitPrice], [UnitsInStock], [UnitsOnOrder], [ReorderLevel], [Discontinued]) VALUES (26, N'Gumbär Gummibärchen', 3, N'100 - 250 g bags', CAST(31.2300 AS Money), 15, 0, 0, 0)
INSERT INTO [dbo].[Products] ([ProductId], [ProductName], [CategoryId], [QuantityPerUnit], [UnitPrice], [UnitsInStock], [UnitsOnOrder], [ReorderLevel], [Discontinued]) VALUES (27, N'Schoggi Schokolade', 3, N'100 - 100 g pieces', CAST(43.9000 AS Money), 49, 0, 30, 0)
INSERT INTO [dbo].[Products] ([ProductId], [ProductName], [CategoryId], [QuantityPerUnit], [UnitPrice], [UnitsInStock], [UnitsOnOrder], [ReorderLevel], [Discontinued]) VALUES (28, N'Rössle Sauerkraut', 7, N'25 - 825 g cans', CAST(45.6000 AS Money), 26, 0, 0, 1)
INSERT INTO [dbo].[Products] ([ProductId], [ProductName], [CategoryId], [QuantityPerUnit], [UnitPrice], [UnitsInStock], [UnitsOnOrder], [ReorderLevel], [Discontinued]) VALUES (29, N'Thüringer Rostbratwurst', 6, N'50 bags x 30 sausgs.', CAST(123.7900 AS Money), 0, 0, 0, 1)
INSERT INTO [dbo].[Products] ([ProductId], [ProductName], [CategoryId], [QuantityPerUnit], [UnitPrice], [UnitsInStock], [UnitsOnOrder], [ReorderLevel], [Discontinued]) VALUES (30, N'Nord-Ost Matjeshering', 8, N'10 - 200 g glasses', CAST(25.8900 AS Money), 10, 0, 15, 0)
INSERT INTO [dbo].[Products] ([ProductId], [ProductName], [CategoryId], [QuantityPerUnit], [UnitPrice], [UnitsInStock], [UnitsOnOrder], [ReorderLevel], [Discontinued]) VALUES (31, N'Gorgonzola Telino', 4, N'12 - 100 g pkgs', CAST(12.5000 AS Money), 0, 70, 20, 0)
INSERT INTO [dbo].[Products] ([ProductId], [ProductName], [CategoryId], [QuantityPerUnit], [UnitPrice], [UnitsInStock], [UnitsOnOrder], [ReorderLevel], [Discontinued]) VALUES (32, N'Mascarpone Fabioli', 4, N'24 - 200 g pkgs.', CAST(32.0000 AS Money), 9, 40, 25, 0)
INSERT INTO [dbo].[Products] ([ProductId], [ProductName], [CategoryId], [QuantityPerUnit], [UnitPrice], [UnitsInStock], [UnitsOnOrder], [ReorderLevel], [Discontinued]) VALUES (33, N'Geitost', 4, N'500 g', CAST(2.5000 AS Money), 112, 0, 20, 0)
INSERT INTO [dbo].[Products] ([ProductId], [ProductName], [CategoryId], [QuantityPerUnit], [UnitPrice], [UnitsInStock], [UnitsOnOrder], [ReorderLevel], [Discontinued]) VALUES (34, N'Sasquatch Ale', 1, N'24 - 12 oz bottles', CAST(14.0000 AS Money), 111, 0, 15, 0)
INSERT INTO [dbo].[Products] ([ProductId], [ProductName], [CategoryId], [QuantityPerUnit], [UnitPrice], [UnitsInStock], [UnitsOnOrder], [ReorderLevel], [Discontinued]) VALUES (35, N'Steeleye Stout', 1, N'24 - 12 oz bottles', CAST(18.0000 AS Money), 20, 0, 15, 0)
INSERT INTO [dbo].[Products] ([ProductId], [ProductName], [CategoryId], [QuantityPerUnit], [UnitPrice], [UnitsInStock], [UnitsOnOrder], [ReorderLevel], [Discontinued]) VALUES (36, N'Inlagd Sill', 8, N'24 - 250 g  jars', CAST(19.0000 AS Money), 112, 0, 20, 0)
INSERT INTO [dbo].[Products] ([ProductId], [ProductName], [CategoryId], [QuantityPerUnit], [UnitPrice], [UnitsInStock], [UnitsOnOrder], [ReorderLevel], [Discontinued]) VALUES (37, N'Gravad lax', 8, N'12 - 500 g pkgs.', CAST(26.0000 AS Money), 11, 50, 25, 0)
INSERT INTO [dbo].[Products] ([ProductId], [ProductName], [CategoryId], [QuantityPerUnit], [UnitPrice], [UnitsInStock], [UnitsOnOrder], [ReorderLevel], [Discontinued]) VALUES (38, N'Côte de Blaye', 1, N'12 - 75 cl bottles', CAST(263.5000 AS Money), 17, 0, 15, 0)
INSERT INTO [dbo].[Products] ([ProductId], [ProductName], [CategoryId], [QuantityPerUnit], [UnitPrice], [UnitsInStock], [UnitsOnOrder], [ReorderLevel], [Discontinued]) VALUES (39, N'Chartreuse verte', 1, N'750 cc per bottle', CAST(18.0000 AS Money), 69, 0, 5, 0)
INSERT INTO [dbo].[Products] ([ProductId], [ProductName], [CategoryId], [QuantityPerUnit], [UnitPrice], [UnitsInStock], [UnitsOnOrder], [ReorderLevel], [Discontinued]) VALUES (40, N'Boston Crab Meat', 8, N'24 - 4 oz tins', CAST(18.4000 AS Money), 123, 0, 30, 0)
INSERT INTO [dbo].[Products] ([ProductId], [ProductName], [CategoryId], [QuantityPerUnit], [UnitPrice], [UnitsInStock], [UnitsOnOrder], [ReorderLevel], [Discontinued]) VALUES (41, N'Jack''s New England Clam Chowder', 8, N'12 - 12 oz cans', CAST(9.6500 AS Money), 85, 0, 10, 0)
INSERT INTO [dbo].[Products] ([ProductId], [ProductName], [CategoryId], [QuantityPerUnit], [UnitPrice], [UnitsInStock], [UnitsOnOrder], [ReorderLevel], [Discontinued]) VALUES (42, N'Singaporean Hokkien Fried Mee', 5, N'32 - 1 kg pkgs.', CAST(14.0000 AS Money), 26, 0, 0, 1)
INSERT INTO [dbo].[Products] ([ProductId], [ProductName], [CategoryId], [QuantityPerUnit], [UnitPrice], [UnitsInStock], [UnitsOnOrder], [ReorderLevel], [Discontinued]) VALUES (43, N'Ipoh Coffee', 1, N'16 - 500 g tins', CAST(46.0000 AS Money), 17, 10, 25, 0)
INSERT INTO [dbo].[Products] ([ProductId], [ProductName], [CategoryId], [QuantityPerUnit], [UnitPrice], [UnitsInStock], [UnitsOnOrder], [ReorderLevel], [Discontinued]) VALUES (44, N'Gula Malacca', 2, N'20 - 2 kg bags', CAST(19.4500 AS Money), 27, 0, 15, 0)
INSERT INTO [dbo].[Products] ([ProductId], [ProductName], [CategoryId], [QuantityPerUnit], [UnitPrice], [UnitsInStock], [UnitsOnOrder], [ReorderLevel], [Discontinued]) VALUES (45, N'Rogede sild', 8, N'1k pkg.', CAST(9.5000 AS Money), 5, 70, 15, 0)
INSERT INTO [dbo].[Products] ([ProductId], [ProductName], [CategoryId], [QuantityPerUnit], [UnitPrice], [UnitsInStock], [UnitsOnOrder], [ReorderLevel], [Discontinued]) VALUES (46, N'Spegesild', 8, N'4 - 450 g glasses', CAST(12.0000 AS Money), 95, 0, 0, 0)
INSERT INTO [dbo].[Products] ([ProductId], [ProductName], [CategoryId], [QuantityPerUnit], [UnitPrice], [UnitsInStock], [UnitsOnOrder], [ReorderLevel], [Discontinued]) VALUES (47, N'Zaanse koeken', 3, N'10 - 4 oz boxes', CAST(9.5000 AS Money), 36, 0, 0, 0)
INSERT INTO [dbo].[Products] ([ProductId], [ProductName], [CategoryId], [QuantityPerUnit], [UnitPrice], [UnitsInStock], [UnitsOnOrder], [ReorderLevel], [Discontinued]) VALUES (48, N'Chocolade', 3, N'10 pkgs.', CAST(12.7500 AS Money), 15, 70, 25, 0)
INSERT INTO [dbo].[Products] ([ProductId], [ProductName], [CategoryId], [QuantityPerUnit], [UnitPrice], [UnitsInStock], [UnitsOnOrder], [ReorderLevel], [Discontinued]) VALUES (49, N'Maxilaku', 3, N'24 - 50 g pkgs.', CAST(20.0000 AS Money), 10, 60, 15, 0)
INSERT INTO [dbo].[Products] ([ProductId], [ProductName], [CategoryId], [QuantityPerUnit], [UnitPrice], [UnitsInStock], [UnitsOnOrder], [ReorderLevel], [Discontinued]) VALUES (50, N'Valkoinen suklaa', 3, N'12 - 100 g bars', CAST(16.2500 AS Money), 65, 0, 30, 0)
INSERT INTO [dbo].[Products] ([ProductId], [ProductName], [CategoryId], [QuantityPerUnit], [UnitPrice], [UnitsInStock], [UnitsOnOrder], [ReorderLevel], [Discontinued]) VALUES (51, N'Manjimup Dried Apples', 7, N'50 - 300 g pkgs.', CAST(53.0000 AS Money), 20, 0, 10, 0)
INSERT INTO [dbo].[Products] ([ProductId], [ProductName], [CategoryId], [QuantityPerUnit], [UnitPrice], [UnitsInStock], [UnitsOnOrder], [ReorderLevel], [Discontinued]) VALUES (52, N'Filo Mix', 5, N'16 - 2 kg boxes', CAST(7.0000 AS Money), 38, 0, 25, 0)
INSERT INTO [dbo].[Products] ([ProductId], [ProductName], [CategoryId], [QuantityPerUnit], [UnitPrice], [UnitsInStock], [UnitsOnOrder], [ReorderLevel], [Discontinued]) VALUES (53, N'Perth Pasties', 6, N'48 pieces', CAST(32.8000 AS Money), 0, 0, 0, 1)
INSERT INTO [dbo].[Products] ([ProductId], [ProductName], [CategoryId], [QuantityPerUnit], [UnitPrice], [UnitsInStock], [UnitsOnOrder], [ReorderLevel], [Discontinued]) VALUES (54, N'Tourtière', 6, N'16 pies', CAST(7.4500 AS Money), 21, 0, 10, 0)
INSERT INTO [dbo].[Products] ([ProductId], [ProductName], [CategoryId], [QuantityPerUnit], [UnitPrice], [UnitsInStock], [UnitsOnOrder], [ReorderLevel], [Discontinued]) VALUES (55, N'Pâté chinois', 6, N'24 boxes x 2 pies', CAST(24.0000 AS Money), 115, 0, 20, 0)
INSERT INTO [dbo].[Products] ([ProductId], [ProductName], [CategoryId], [QuantityPerUnit], [UnitPrice], [UnitsInStock], [UnitsOnOrder], [ReorderLevel], [Discontinued]) VALUES (56, N'Gnocchi di nonna Alice', 5, N'24 - 250 g pkgs.', CAST(38.0000 AS Money), 21, 10, 30, 0)
INSERT INTO [dbo].[Products] ([ProductId], [ProductName], [CategoryId], [QuantityPerUnit], [UnitPrice], [UnitsInStock], [UnitsOnOrder], [ReorderLevel], [Discontinued]) VALUES (57, N'Ravioli Angelo', 5, N'24 - 250 g pkgs.', CAST(19.5000 AS Money), 36, 0, 20, 0)
INSERT INTO [dbo].[Products] ([ProductId], [ProductName], [CategoryId], [QuantityPerUnit], [UnitPrice], [UnitsInStock], [UnitsOnOrder], [ReorderLevel], [Discontinued]) VALUES (58, N'Escargots de Bourgogne', 8, N'24 pieces', CAST(13.2500 AS Money), 62, 0, 20, 0)
INSERT INTO [dbo].[Products] ([ProductId], [ProductName], [CategoryId], [QuantityPerUnit], [UnitPrice], [UnitsInStock], [UnitsOnOrder], [ReorderLevel], [Discontinued]) VALUES (59, N'Raclette Courdavault', 4, N'5 kg pkg.', CAST(55.0000 AS Money), 79, 0, 0, 0)
INSERT INTO [dbo].[Products] ([ProductId], [ProductName], [CategoryId], [QuantityPerUnit], [UnitPrice], [UnitsInStock], [UnitsOnOrder], [ReorderLevel], [Discontinued]) VALUES (60, N'Camembert Pierrot', 4, N'15 - 300 g rounds', CAST(34.0000 AS Money), 19, 0, 0, 0)
INSERT INTO [dbo].[Products] ([ProductId], [ProductName], [CategoryId], [QuantityPerUnit], [UnitPrice], [UnitsInStock], [UnitsOnOrder], [ReorderLevel], [Discontinued]) VALUES (61, N'Sirop d''érable', 2, N'24 - 500 ml bottles', CAST(28.5000 AS Money), 113, 0, 25, 0)
INSERT INTO [dbo].[Products] ([ProductId], [ProductName], [CategoryId], [QuantityPerUnit], [UnitPrice], [UnitsInStock], [UnitsOnOrder], [ReorderLevel], [Discontinued]) VALUES (62, N'Tarte au sucre', 3, N'48 pies', CAST(49.3000 AS Money), 17, 0, 0, 0)
INSERT INTO [dbo].[Products] ([ProductId], [ProductName], [CategoryId], [QuantityPerUnit], [UnitPrice], [UnitsInStock], [UnitsOnOrder], [ReorderLevel], [Discontinued]) VALUES (63, N'Vegie-spread', 2, N'15 - 625 g jars', CAST(43.9000 AS Money), 24, 0, 5, 0)
INSERT INTO [dbo].[Products] ([ProductId], [ProductName], [CategoryId], [QuantityPerUnit], [UnitPrice], [UnitsInStock], [UnitsOnOrder], [ReorderLevel], [Discontinued]) VALUES (64, N'Wimmers gute Semmelknödel', 5, N'20 bags x 4 pieces', CAST(33.2500 AS Money), 22, 80, 30, 0)
INSERT INTO [dbo].[Products] ([ProductId], [ProductName], [CategoryId], [QuantityPerUnit], [UnitPrice], [UnitsInStock], [UnitsOnOrder], [ReorderLevel], [Discontinued]) VALUES (65, N'Louisiana Fiery Hot Pepper Sauce', 2, N'32 - 8 oz bottles', CAST(21.0500 AS Money), 76, 0, 0, 0)
INSERT INTO [dbo].[Products] ([ProductId], [ProductName], [CategoryId], [QuantityPerUnit], [UnitPrice], [UnitsInStock], [UnitsOnOrder], [ReorderLevel], [Discontinued]) VALUES (66, N'Louisiana Hot Spiced Okra', 2, N'24 - 8 oz jars', CAST(17.0000 AS Money), 4, 100, 20, 0)
INSERT INTO [dbo].[Products] ([ProductId], [ProductName], [CategoryId], [QuantityPerUnit], [UnitPrice], [UnitsInStock], [UnitsOnOrder], [ReorderLevel], [Discontinued]) VALUES (67, N'Laughing Lumberjack Lager', 1, N'24 - 12 oz bottles', CAST(14.0000 AS Money), 52, 0, 10, 0)
INSERT INTO [dbo].[Products] ([ProductId], [ProductName], [CategoryId], [QuantityPerUnit], [UnitPrice], [UnitsInStock], [UnitsOnOrder], [ReorderLevel], [Discontinued]) VALUES (68, N'Scottish Longbreads', 3, N'10 boxes x 8 pieces', CAST(12.5000 AS Money), 6, 10, 15, 0)
INSERT INTO [dbo].[Products] ([ProductId], [ProductName], [CategoryId], [QuantityPerUnit], [UnitPrice], [UnitsInStock], [UnitsOnOrder], [ReorderLevel], [Discontinued]) VALUES (69, N'Gudbrandsdalsost', 4, N'10 kg pkg.', CAST(36.0000 AS Money), 26, 0, 15, 0)
INSERT INTO [dbo].[Products] ([ProductId], [ProductName], [CategoryId], [QuantityPerUnit], [UnitPrice], [UnitsInStock], [UnitsOnOrder], [ReorderLevel], [Discontinued]) VALUES (70, N'Outback Lager', 1, N'24 - 355 ml bottles', CAST(15.0000 AS Money), 15, 10, 30, 0)
INSERT INTO [dbo].[Products] ([ProductId], [ProductName], [CategoryId], [QuantityPerUnit], [UnitPrice], [UnitsInStock], [UnitsOnOrder], [ReorderLevel], [Discontinued]) VALUES (71, N'Flotemysost', 4, N'10 - 500 g pkgs.', CAST(21.5000 AS Money), 26, 0, 0, 0)
INSERT INTO [dbo].[Products] ([ProductId], [ProductName], [CategoryId], [QuantityPerUnit], [UnitPrice], [UnitsInStock], [UnitsOnOrder], [ReorderLevel], [Discontinued]) VALUES (72, N'Mozzarella di Giovanni', 4, N'24 - 200 g pkgs.', CAST(34.8000 AS Money), 14, 0, 0, 0)
INSERT INTO [dbo].[Products] ([ProductId], [ProductName], [CategoryId], [QuantityPerUnit], [UnitPrice], [UnitsInStock], [UnitsOnOrder], [ReorderLevel], [Discontinued]) VALUES (73, N'Röd Kaviar', 8, N'24 - 150 g jars', CAST(15.0000 AS Money), 101, 0, 5, 0)
INSERT INTO [dbo].[Products] ([ProductId], [ProductName], [CategoryId], [QuantityPerUnit], [UnitPrice], [UnitsInStock], [UnitsOnOrder], [ReorderLevel], [Discontinued]) VALUES (74, N'Longlife Tofu', 7, N'5 kg pkg.', CAST(10.0000 AS Money), 4, 20, 5, 0)
INSERT INTO [dbo].[Products] ([ProductId], [ProductName], [CategoryId], [QuantityPerUnit], [UnitPrice], [UnitsInStock], [UnitsOnOrder], [ReorderLevel], [Discontinued]) VALUES (75, N'Rhönbräu Klosterbier', 1, N'24 - 0.5 l bottles', CAST(7.7500 AS Money), 125, 0, 25, 0)
INSERT INTO [dbo].[Products] ([ProductId], [ProductName], [CategoryId], [QuantityPerUnit], [UnitPrice], [UnitsInStock], [UnitsOnOrder], [ReorderLevel], [Discontinued]) VALUES (76, N'Lakkalikööri', 1, N'500 ml', CAST(18.0000 AS Money), 57, 0, 20, 0)
INSERT INTO [dbo].[Products] ([ProductId], [ProductName], [CategoryId], [QuantityPerUnit], [UnitPrice], [UnitsInStock], [UnitsOnOrder], [ReorderLevel], [Discontinued]) VALUES (77, N'Original Frankfurter grüne Soße', 2, N'12 boxes', CAST(13.0000 AS Money), 32, 0, 15, 0)
SET IDENTITY_INSERT [dbo].[Products] OFF

-- Discounts
SET IDENTITY_INSERT [dbo].[Discounts] ON

-- discount expired yesterday
INSERT INTO [dbo].[Discounts] ([DiscountId], [Code], [StartTime], [EndTime], [ProductId], [DiscountPercent], [Title], [Description]) VALUES (1, 3333, DATEADD(day, -41, GETDATE()), DATEADD(day, -1, GETDATE()), 3, CAST(0.250 AS Decimal(5, 3)), N'Get some Syrup', N'DO NOT MISS this deal on Aniseed Syrup. Where else are you going to find it for 25% off? NO WHERE!')	
INSERT INTO [dbo].[Discounts] ([DiscountId], [Code], [StartTime], [EndTime], [ProductId], [DiscountPercent], [Title], [Description]) VALUES (2, 3434, DATEADD(day, -41, GETDATE()), DATEADD(day, -1, GETDATE()), 34, CAST(0.100 AS Decimal(5, 3)), N'10% Savings', N'Save 10% on Sasquatch Ale. This deal will not last long! ORDER IMMEDIATELY!')

-- discount started yesterday
INSERT INTO [dbo].[Discounts] ([DiscountId], [Code], [StartTime], [EndTime], [ProductId], [DiscountPercent], [Title], [Description]) VALUES (3, 4444, DATEADD(day, -1, GETDATE()), DATEADD(day, 40, GETDATE()), 4, CAST(0.125 AS Decimal(5, 3)), N'Tis the Seasoning', N'Order today! Save 12.5% on Chef Anton''s Italian Seasoning. You don''t want to make Chef Anton mad, do you?')
INSERT INTO [dbo].[Discounts] ([DiscountId], [Code], [StartTime], [EndTime], [ProductId], [DiscountPercent], [Title], [Description]) VALUES (4, 1515, DATEADD(day, -1, GETDATE()), DATEADD(day, 40, GETDATE()), 15, CAST(0.100 AS Decimal(5, 3)), N'Go Green', N'Genen Shouyu goes on sale very rarely. Order now to save 10% off our already low price.')
INSERT INTO [dbo].[Discounts] ([DiscountId], [Code], [StartTime], [EndTime], [ProductId], [DiscountPercent], [Title], [Description]) VALUES (5, 2727, DATEADD(day, -1, GETDATE()), DATEADD(day, 40, GETDATE()), 27, CAST(0.500 AS Decimal(5, 3)), N'Half Price', N'Just because you can''t pronounce "Schoggi Schokolade" doesn''t mean you shouldn''t buy it. Get it now for 50% off!')
INSERT INTO [dbo].[Discounts] ([DiscountId], [Code], [StartTime], [EndTime], [ProductId], [DiscountPercent], [Title], [Description]) VALUES (6, 7777, DATEADD(day, -1, GETDATE()), DATEADD(day, 40, GETDATE()), 7, CAST(0.150 AS Decimal(5, 3)), N'Pears for You', N'Bob''s Organic Pears are 15% off. You better buy as many as you can fit in your car!')
INSERT INTO [dbo].[Discounts] ([DiscountId], [Code], [StartTime], [EndTime], [ProductId], [DiscountPercent], [Title], [Description]) VALUES (7, 4040, DATEADD(day, -1, GETDATE()), DATEADD(day, 40, GETDATE()), 40, CAST(0.300 AS Decimal(5, 3)), N'Don''t be Crabby', N'You have no reason to be crabby since Boston Crab Meat is 30% off.')

INSERT INTO [dbo].[Discounts] ([DiscountId], [Code], [StartTime], [EndTime], [ProductId], [DiscountPercent], [Title], [Description]) VALUES (8, 4400, DATEADD(day, -1, GETDATE()), DATEADD(day, 40, GETDATE()), 44, CAST(0.250 AS Decimal(5, 3)), N'Gula Malacca Deal', N'You really should buy as many bags of Gula Malacca as you can fit in your kitchen.')
INSERT INTO [dbo].[Discounts] ([DiscountId], [Code], [StartTime], [EndTime], [ProductId], [DiscountPercent], [Title], [Description]) VALUES (9, 4900, DATEADD(day, -1, GETDATE()), DATEADD(day, 40, GETDATE()), 49, CAST(0.100 AS Decimal(5, 3)), N'Maxilaku Savings', N'Maximize your Maxilaku savings with this 10% discount.')
INSERT INTO [dbo].[Discounts] ([DiscountId], [Code], [StartTime], [EndTime], [ProductId], [DiscountPercent], [Title], [Description]) VALUES (10, 5700, DATEADD(day, -1, GETDATE()), DATEADD(day, 40, GETDATE()), 57, CAST(0.150 AS Decimal(5, 3)), N'Holy Ravioli!', N'Take advantage of this deal on raviolis today.')
INSERT INTO [dbo].[Discounts] ([DiscountId], [Code], [StartTime], [EndTime], [ProductId], [DiscountPercent], [Title], [Description]) VALUES (11, 6200, DATEADD(day, -1, GETDATE()), DATEADD(day, 40, GETDATE()), 62, CAST(0.300 AS Decimal(5, 3)), N'Pie Day', N'Did someone say French Canadian Sugar Pie is 30% off?')
INSERT INTO [dbo].[Discounts] ([DiscountId], [Code], [StartTime], [EndTime], [ProductId], [DiscountPercent], [Title], [Description]) VALUES (12, 6300, DATEADD(day, -1, GETDATE()), DATEADD(day, 40, GETDATE()), 63, CAST(0.400 AS Decimal(5, 3)), N'Spread on the Savings', N'You have to eat your vegetables somehow. You might as well save some money while you do it.')
INSERT INTO [dbo].[Discounts] ([DiscountId], [Code], [StartTime], [EndTime], [ProductId], [DiscountPercent], [Title], [Description]) VALUES (13, 6500, DATEADD(day, -1, GETDATE()), DATEADD(day, 40, GETDATE()), 65, CAST(0.250 AS Decimal(5, 3)), N'Fiery Hot Savings', N'This is a red-hot deal on Fiery Hot Pepper Sauce. You better hurry before these savings are extinguished.')
INSERT INTO [dbo].[Discounts] ([DiscountId], [Code], [StartTime], [EndTime], [ProductId], [DiscountPercent], [Title], [Description]) VALUES (14, 6900, DATEADD(day, -1, GETDATE()), DATEADD(day, 40, GETDATE()), 69, CAST(0.120 AS Decimal(5, 3)), N'No Joke', N'Laughing Lumberjack Lager is on sale today. This IS a laughing matter!')
INSERT INTO [dbo].[Discounts] ([DiscountId], [Code], [StartTime], [EndTime], [ProductId], [DiscountPercent], [Title], [Description]) VALUES (15, 7300, DATEADD(day, -1, GETDATE()), DATEADD(day, 40, GETDATE()), 73, CAST(0.050 AS Decimal(5, 3)), N'The Finest Savings', N'Save today on our finest caviar.')

-- discount starts 1 week from today
INSERT INTO [dbo].[Discounts] ([DiscountId], [Code], [StartTime], [EndTime], [ProductId], [DiscountPercent], [Title], [Description]) VALUES (16, 1111, DATEADD(day, 7, GETDATE()), DATEADD(day, 47, GETDATE()), 1, CAST(0.250 AS Decimal(5, 3)), N'Chai Tea Blowout', N'For a limited time only, Northwind is offering a 25% discount on Chai Tea. Order today while supplies last!')

SET IDENTITY_INSERT [dbo].[Discounts] OFF
